POS,PLAYER,Mat,Inns,Ov,Runs,Wkts,BBI,Avg,Econ,SR,4w,5w
3,Deepak Chahar,17,17,64.3,482,22,0,21.9,7.47,17.59,0,0
1,Imran Tahir,17,17,64.2,431,26,0,16.57,6.69,14.84,2,0
2,Kagiso Rabada,12,12,47,368,25,0,14.72,7.82,11.28,2,0
72,Anukul Roy,1,1,2,11,1,0,11,5.5,12,0,0
88,Shivam Dube,4,2,1.4,8,0,0,-,4.8,-,0,0
42,Alzarri Joseph,3,3,8.4,87,6,0,14.5,10.03,8.66,0,1
14,Hardik Pandya,16,16,42.3,390,14,0,27.85,9.17,18.21,0,0
23,Dwayne Bravo,12,12,41.1,330,11,0,30,8.01,22.45,0,0